{
  "ABC_Corporation": [
    {
      "id": 1,
      "name": "carbonEmissions",
      "Environmental": "carbonEmissions",
      "value": 50000,
      "unit": "metric tons"
    },
    {
      "id": 2,
      "name": "energyConsumption",
      "Environmental": "energyConsumption",
      "value": 100000,
      "unit": "MWh"
    },
    {
      "id": 3,
      "name": "waterUsage",
      "Environmental": "waterUsage",
      "value": 5000000,
      "unit": "gallons"
    },
    {
      "id": 4,
      "name": "wasteDisposal",
      "Environmental": "wasteDisposal",
      "value": 1000000,
      "unit": "pounds"
    },
    {
      "id": 5,
      "name": "wasteDisposal_2",
      "Environmental": "wasteDisposal_2",
      "value": 1000000,
      "unit": "pounds"
    },
    {
      "id": 6,
      "name": "wasteDisposal_3",
      "Environmental": "wasteDisposal_3",
      "value": 1000,
      "unit": "pounds"
    }
  ],
  "Governance": [
    {
      "id": 1,
      "name":"boardComposition",
      "governance": "boardComposition",
      "independentDirectors": 70,
      "insideDirectors": 30
    },
    {
      "id": 2,
      "name":"executiveCompensation",
      "governance": "executiveCompensation",
      "value": 5000000,
      "unit": "USD"
    },
    {
      "id": 3,
      "name": "corporateSocialResponsibility",
      "governance": "corporateSocialResponsibility",
      "value": 80,
      "unit": "%"
    }
  ]
}